code,system
7B0F100,readv2
7B0F300,readv2
14S2.00,readv2
7L1B000,readv2
7L1C000,readv2
7A60000,readv2
7A61A00,readv2
Gy40.00,readv2
Gy60.00,readv2
Kyu1C00,readv2
TB00100,readv2
SP08T00,readv2
7B01511,readv2
7B06300,readv2
SP08W00,readv2
SP08N00,readv2
SP08300,readv2
7B00212,readv2
SP08R00,readv2
7B00600,readv2
SP08J00,readv2
ZV42000,readv2
7B01500,readv2
TB00111,readv2
8L50.00,readv2
K0B5.00,readv2
T86.1,readv2
N16.5,readv2
Z94.0,readv2
7B00100,readv2
7B00111,readv2
7L1A000,readv2
Z91A.00,readv2
Gy51.00,readv2
Z919100,readv2
TA02000,readv2
Gy41.00,readv2
4I29.00,readv2
7L1A200,readv2
14V2.00,readv2
Z919300,readv2
7L1A400,readv2
14V2.11,readv2
7L1B200,readv2
SP0G.00,readv2
7L1A.11,readv2
7L1A600,readv2
ZV45100,readv2
7L1A100,readv2
ZVu3G00,readv2
Z99.2,readv2
Y84.1,readv2
Z49.2,readv2
7B00400,readv2
7B00211,readv2
7B00200,readv2
7B00300,readv2
7A60100,readv2
7A60112,readv2
7A60111,readv2
7A60600,readv2
7L1A.00,readv2
7L1By00,readv2
7L1Cy00,readv2
7L1B.00,readv2
7L1B.11,readv2
7L1C.00,readv2
7L1Ay00,readv2
7A60400,readv2
7A60500,readv2
4N2..00,readv2
4N0..00,readv2
Gy3..00,readv2
Gy31.00,readv2
TB11.11,readv2
TB11.00,readv2
7A60y00,readv2
7B00y00,readv2
7L1A500,readv2
SP06B00,readv2
G72D.00,readv2
G72D100,readv2
G72D200,readv2
7B0Fy00,readv2
7B0F.00,readv2
7A61111,readv2
7A61900,readv2
7A61400,readv2
Gy21.00,readv2
SP07N00,readv2
K050.00,readv2
K05..12,readv2
1Z14.00,readv2
9Ot5.00,readv2
K055.00,readv2
N18.5,readv2
ZV56.00,readv2
ZV56y00,readv2
G760.00,readv2
7A61100,readv2
I77.0,readv2
TA22000,readv2
TA22.00,readv2
U612200,readv2
K0D..00,readv2
67P4100,readv2
9b8K.00,readv2
7B00.00,readv2
7A60.00,readv2
7A60200,readv2
1Z1K.00,readv2
1Z1L.11,readv2
1Z1L.00,readv2
1Z1K.11,readv2
G72C.00,readv2
Z1A1.00,readv2
Z1A..00,readv2
Z1A2.00,readv2
7B0Fz00,readv2
7B00z00,readv2
Gy1..00,readv2
7L1Cz00,readv2
SP07G00,readv2
ZV56011,readv2
7A60z00,readv2
7L1Az00,readv2
Z919.00,readv2
ZV56100,readv2
ZV56y11,readv2
Z49,readv2
Z49.0,readv2
SP01700,readv2
SP01500,readv2
T82.4,readv2
SP05613,readv2
ZV56000,readv2
Z49.1,readv2
7L1A300,readv2
SP0E.00,readv2
7L1A011,readv2
7A60300,readv2
7L1B100,readv2
Y61.2,readv2
Y62.2,readv2
Y60.2,readv2